{"cameraMode":{"drawMode":0,"name":"Shaded","section":"Shading Mode"},"sceneLighting":true,"audioPlay":false,"sceneViewState":{"showFog":true,"showMaterialUpdate":false,"showSkybox":true,"showFlares":true,"showImageEffects":true,"showParticleSystems":true},"in2DMode":false,"pivot":{"x":11.923142433166504,"y":0.8587502837181091,"z":-1.073563814163208},"rotation":{"x":-0.19847577810287476,"y":-0.008235474117100239,"z":0.0016677792882546783,"w":-0.9800695180892944},"size":0.3073950409889221,"orthographic":false}