{"cameraMode":{"drawMode":0,"name":"Shaded","section":"Shading Mode"},"sceneLighting":true,"audioPlay":false,"sceneViewState":{"showFog":true,"showMaterialUpdate":false,"showSkybox":true,"showFlares":true,"showImageEffects":true,"showParticleSystems":true},"in2DMode":false,"pivot":{"x":14.430000305175782,"y":3.5,"z":1.5325157642364503},"rotation":{"x":-0.09113806486129761,"y":-0.10823018848896027,"z":0.009964613243937493,"w":-0.9898914098739624},"size":2.9660251140594484,"orthographic":false}