Timings,In Time,Score,SessionID
0.2084745,,,HJLT - 5903
0.2084745,False,0
0.2084745,False,0
0.1084745,True,0
0.2884745,False,20
0.0284745,True,20
0.0484745,True,20
0.2484745,False,20
0.1684745,True,20
0.1084745,True,20
0.2284745,False,40
0.2884745,False,40
-0.1315255,True,40
0.0284745,True,40
0.1084745,True,40
-0.0315255,True,40
-0.0915255,True,40
-0.0115255,True,40
0.1884745,True,40
