{"cameraMode":{"drawMode":0,"name":"Shaded","section":"Shading Mode"},"sceneLighting":true,"audioPlay":false,"sceneViewState":{"showFog":true,"showMaterialUpdate":false,"showSkybox":true,"showFlares":true,"showImageEffects":true,"showParticleSystems":true,"showVisualEffectGraphs":true,"m_FxEnabled":true},"in2DMode":false,"pivot":{"x":-42.62712097167969,"y":0.9366783499717712,"z":1.940826177597046},"rotation":{"x":-0.09406708180904389,"y":0.9026345014572144,"z":-0.3348284959793091,"w":-0.25360628962516787},"size":0.002905607223510742,"orthographic":false}