{"cameraMode":{"drawMode":0,"name":"Shaded","section":"Shading Mode"},"sceneLighting":true,"audioPlay":false,"sceneViewState":{"showFog":true,"showMaterialUpdate":false,"showSkybox":true,"showFlares":true,"showImageEffects":true,"showParticleSystems":true,"showVisualEffectGraphs":true,"m_FxEnabled":true},"in2DMode":false,"pivot":{"x":-44.65382766723633,"y":-0.07359679788351059,"z":1.6623088121414185},"rotation":{"x":-0.0329909585416317,"y":0.9211029410362244,"z":-0.08007150143384934,"w":-0.37959226965904238},"size":1.0554580688476563,"orthographic":false}