Timings,In Time,Score,SessionID
0.1684745,,,RUFS - 1315
-0.1915255,True,0
0.0284745,True,0
0.0484745,True,20
0.2484745,False,20
0.1684745,True,40
-0.1115255,True,40
0.2484745,False,40
-0.1915255,True,40
