Timings,In Time,Score,SessionID
-8.940697E-08,,,YEKL - 1172
0.0999999,True,0
-0.1000001,True,0
-0.1000001,True,20
0.2799999,False,40
0.07999991,True,40
-0.06000009,True,40
-0.02000009,True,40
0.1399999,True,40
-0.02000009,True,40
0.1199999,True,40
